seed,novel_training_fraction,novel_training_n,auroc,brier,ece,calibration_slope,sharpness,high_confidence_error,mean_prediction
0,0.0,0,0.7832493495959665,0.20945221773712247,0.2134615329141762,0.7380472549792911,0.750782476744065,0.13550600343053174,0.5312051337524905
0,0.01,80,0.7866936275598336,0.20564294715278433,0.20677337813662047,0.7472912498583012,0.7541792469672817,0.11916666666666667,0.5378932885300463
0,0.02,160,0.7888826783322542,0.20315869886938628,0.20656580589866502,0.7752295992264394,0.7497870993452785,0.1354895104895105,0.5381008607680016
0,0.05,400,0.8007341442833401,0.19421529527729484,0.1953007200911609,0.8039298815074577,0.7554461460923739,0.11955593509820667,0.5493659465755057
0,0.1,800,0.8159448623340682,0.17934221711640672,0.1735791812003913,0.8857075122934108,0.7565932805769187,0.07077435470441298,0.5710874854662754
0,0.2,1600,0.8430914878299063,0.15531660880281523,0.13661717505235432,0.9649452271594491,0.7719649524647092,0.04952510176390773,0.6080494916143123
1,0.0,0,0.7714590483800075,0.2166475944365101,0.2219947344747036,0.6708235576263281,0.7559956804896222,0.16488925348646433,0.5325052655252963
1,0.01,80,0.7770456539633737,0.21082740288506535,0.21542631971857917,0.7095799693488589,0.7546796774935092,0.13582342954159593,0.5390736802814209
1,0.02,160,0.7811371193522278,0.2064966874824788,0.21019482255115976,0.7109250940897477,0.7552149822038373,0.13739837398373983,0.5443051774488403
1,0.05,400,0.8008428271736407,0.18842191360476268,0.19032447301095762,0.8215477067344403,0.7532149079915459,0.09622302158273381,0.5641755269890424
1,0.1,800,0.8116826685658096,0.17932439089787292,0.17711421009016048,0.8637496307908569,0.7559115740814771,0.07081174438687392,0.5773857899098396
1,0.2,1600,0.8362622035007277,0.15952735994418887,0.14757594853723813,0.9487973485863297,0.7678878023720161,0.04874551971326165,0.606924051462762
2,0.0,0,0.7762376745947863,0.20727294521849077,0.20920943424881178,0.6613214852272358,0.7619541436609197,0.15879163439194424,0.551957232417855
2,0.01,80,0.7755424354852485,0.20661867041090765,0.2109904199690102,0.6936376386923859,0.7541346607587387,0.15020746887966804,0.5501762466976564
2,0.02,160,0.782167834999437,0.20353547938775082,0.2054861495729795,0.7089294072146304,0.7604360298096335,0.12471655328798185,0.5556805170936873
2,0.05,400,0.7959305133721986,0.1906585210606726,0.18631591701023714,0.7370002102009778,0.7687107994044718,0.10220994475138122,0.5748507496564295
2,0.1,800,0.8191579172225396,0.17517157798282657,0.17251955993864265,0.8518689938755278,0.7683688309119446,0.06312769010043041,0.5886471067280239
2,0.2,1600,0.8296016310462309,0.16120916034321722,0.14652901118067577,0.889452383694058,0.7740919566861617,0.05028644175684278,0.6146376554859909
3,0.0,0,0.7749741383049583,0.2164148490755878,0.22150559764634833,0.679172358106592,0.7570676473778728,0.17133706965572457,0.5294944023536516
3,0.01,80,0.7721905524153131,0.21396517319502148,0.21647843610351067,0.6691634273775513,0.7544427571134581,0.18189509306260576,0.5345215638964894
3,0.02,160,0.7909076756797868,0.21015104963594047,0.2233101054207965,0.7551203882143619,0.7534597281724847,0.15417743324720068,0.5276898945792036
3,0.05,400,0.7985431888821747,0.1932961617486431,0.19230549118028192,0.7835189313684938,0.7579298870456681,0.11012145748987855,0.5586945088197179
3,0.1,800,0.8165878486575389,0.18521827915408326,0.1900357953243147,0.8564615203076161,0.7593919452630057,0.0947533281127643,0.5609642046756853
3,0.2,1600,0.8491293179820927,0.15310977828446293,0.1375025135258175,1.0053140982419226,0.7735180932436815,0.031901041666666664,0.6134974864741825
4,0.0,0,0.7606433725171788,0.22444469430650735,0.2255298476343193,0.6207221254825896,0.7597149594153989,0.1795275590551181,0.5276368190323474
4,0.01,80,0.7690855580287537,0.21580247594832777,0.216719644002243,0.6707187078145375,0.7573390106724122,0.1639871382636656,0.5364470226644236
4,0.02,160,0.7874727741926615,0.20256919421402236,0.2016032979825511,0.724368184997436,0.7629302410491589,0.13131313131313133,0.5515633686841155
4,0.05,400,0.796160976260635,0.19669167232699553,0.19775954250835548,0.7807456275797414,0.7583737808713327,0.10828547990155865,0.5554071241583112
4,0.1,800,0.8066720765904153,0.18444777728581424,0.1801140759946689,0.8226906937066638,0.7600507448064748,0.08313725490196078,0.5730525906719979
4,0.2,1600,0.8288180492030125,0.16501056920592372,0.15015528776528028,0.8966675894055178,0.7693919914179324,0.06048109965635739,0.6030113789013865
5,0.0,0,0.7759190482665351,0.21649498713288343,0.23160135943230944,0.7210953300654288,0.7498367100834227,0.15013648771610555,0.5287319739010239
5,0.01,80,0.7696701115034459,0.22266832286479216,0.2344140742609719,0.674630673265204,0.756090483679538,0.16627265563435775,0.5259192590723614
5,0.02,160,0.7860553925851763,0.2072468091115562,0.2209926618202852,0.78075413443801,0.7495577188416607,0.1125886524822695,0.5393406715130481
5,0.05,400,0.7960771817011669,0.19764094894088263,0.20212061590641772,0.7564761120477562,0.7650795918271596,0.11168258633357825,0.5582127174269156
5,0.1,800,0.8121416624848554,0.17934410412467702,0.18049943078266206,0.8620457777574732,0.759530525841213,0.07447633824670287,0.5798339025506714
5,0.2,1600,0.8312979142569171,0.1611630634654281,0.15050900495429462,0.9429058404970241,0.767996384574782,0.04169562195969423,0.6098243283790388
6,0.0,0,0.7676232709181571,0.2173801248224867,0.21965089827262785,0.6372449709954595,0.7608051631894093,0.17084639498432602,0.5378491017273721
6,0.01,80,0.7658382195607878,0.2176637937142353,0.2212666228049074,0.6593583138375596,0.754783941788643,0.16092874299439552,0.5362333771950927
6,0.02,160,0.7703269708414141,0.2098212664464448,0.2114669783183626,0.68803537035103,0.7530101743849339,0.13857998289136014,0.5460330216816374
6,0.05,400,0.7758801447155026,0.20861050422864083,0.21151942130935705,0.71107039097454,0.7539357657883665,0.13083333333333333,0.545980578690643
6,0.1,800,0.7944381310983332,0.18715198524634474,0.17930066272732936,0.7893622998021613,0.75794959856641,0.08152173913043478,0.5781993372726706
6,0.2,1600,0.8288774719396338,0.16213324001621005,0.1517786184097262,0.9550433403814829,0.7621284582857178,0.04624715693707354,0.6057213815902738
7,0.0,0,0.7771793413756387,0.20994645564383008,0.21597664789039298,0.6963137436968574,0.7580734583337738,0.1313456889605157,0.5448566854429404
7,0.01,80,0.7704228125679786,0.21515363218305938,0.22079086530634656,0.6680354400942342,0.7586542699471827,0.14971977582065651,0.5400424680269867
7,0.02,160,0.7747222275226977,0.21139164515513312,0.21853752320312048,0.7167860308720045,0.7539632430167665,0.1246660730186999,0.542295810130213
7,0.05,400,0.791164098904328,0.1959591241243923,0.20189039200415093,0.7920610231609203,0.7524328126326206,0.09252669039145907,0.5589429413291824
7,0.1,800,0.8021365410962826,0.18911257253525332,0.19115187794114424,0.8130088120403651,0.7590040364311359,0.07909162098668755,0.5696814553921891
7,0.2,1600,0.8313698760833641,0.15972743447566384,0.1458270195023195,0.8954372568224014,0.7741767806692376,0.05098789037603569,0.6150063138310139
8,0.0,0,0.7660561870378837,0.21745044658215146,0.22987959904028152,0.6499699839556563,0.7568252201167699,0.1857379767827529,0.5417870676263852
8,0.01,80,0.7856507070675222,0.20286351114134504,0.21631716201086867,0.7371943945807857,0.7565332117763067,0.13685978169605373,0.555349504655798
8,0.02,160,0.7833896675127303,0.20504962183532457,0.22159652405809704,0.7518650377714986,0.7517779474792633,0.13404825737265416,0.5500701426085696
8,0.05,400,0.7876656524412353,0.2015868415743564,0.21454810902866675,0.7597362288140264,0.756468428545707,0.11148648648648649,0.5571185576379999
8,0.1,800,0.8035350223077045,0.1858075414506076,0.1946474667873945,0.7954045813947584,0.7608627210392324,0.1066350710900474,0.5770191998792721
8,0.2,1600,0.8407105358578613,0.15579985649080463,0.1529396325840063,0.9391148844247073,0.7746396005953456,0.04851752021563342,0.6187270340826604
9,0.0,0,0.7603050042019922,0.21864994513928657,0.23028444723660438,0.6574145585086324,0.7499472650663662,0.1686526122823098,0.5373822194300624
9,0.01,80,0.7621482427947827,0.21808012393761234,0.2225439828362267,0.6346804686105724,0.7616708846496549,0.15471698113207547,0.5451226838304399
9,0.02,160,0.7596676968659806,0.2163813270300728,0.22512983858441477,0.6332587860483002,0.7515011610460494,0.1794425087108014,0.5428540531258224
9,0.05,400,0.7833595815077459,0.19553019499189705,0.20286652203414135,0.7586411530948707,0.7485292571537996,0.12298959318826869,0.5648001446325254
9,0.1,800,0.8021501802589225,0.18432993495529854,0.1829967619535875,0.7637409860963463,0.7677536822221351,0.09428571428571429,0.5846699047130791
9,0.2,1600,0.8241176595183999,0.16090729856814437,0.1498221788027231,0.8785340697495874,0.769246392480194,0.06981519507186858,0.6178444878639436
10,0.0,0,0.7701843581231144,0.21255264785028377,0.22316867856852973,0.6880571328711471,0.751869702206746,0.1486254295532646,0.5444979880981369
10,0.01,80,0.7765856991473289,0.21571592347798507,0.2276381484445186,0.6517552549269487,0.7618639747979884,0.1706056129985229,0.540028518222148
10,0.02,160,0.7845656685092303,0.20238101745047637,0.20826335117567008,0.6863300532168359,0.7603965305884637,0.14930015552099535,0.5594033154909965
10,0.05,400,0.7896888906055416,0.2014212546223284,0.2121699526012212,0.74252034546314,0.7570188336657432,0.1266025641025641,0.5554967140654454
10,0.1,800,0.8120547648223795,0.17639615130910147,0.17324264563761294,0.8189485230776036,0.7670748197636615,0.07526881720430108,0.5944240210290538
10,0.2,1600,0.833183091607167,0.1592091517451177,0.15201895050026787,0.9312452816601519,0.7677988550153481,0.057811424638678596,0.6156477161663987
11,0.0,0,0.7624295338190177,0.22106941709933628,0.22686088213667657,0.6951616677718008,0.7439731278889825,0.15083798882681565,0.5238057845299902
11,0.01,80,0.7690917639460112,0.21036591514535033,0.20956385752458673,0.698634269604673,0.7488379628143136,0.1422142214221422,0.5411028091420799
11,0.02,160,0.7841602918617795,0.19975927994038556,0.19346858400109077,0.7015861895011954,0.7606133047841419,0.12229102167182662,0.5571980826655758
11,0.05,400,0.7935838078570682,0.19328172867975085,0.18993152905977156,0.7754937423432068,0.7568137857342863,0.10530612244897959,0.5607351376068952
11,0.1,800,0.8132837655892327,0.17441916023556886,0.16002336720657387,0.8156730731046514,0.7678992568422888,0.08044382801664356,0.5906432994600928
11,0.2,1600,0.8299247964969938,0.1590502761458226,0.1374294897764361,0.9224633571131421,0.7687959871354322,0.05555555555555555,0.6132371768902305
12,0.0,0,0.7579892523673656,0.2165031926727125,0.21064177065793277,0.5786055183996599,0.7651905183234391,0.1879245283018868,0.5505248960087339
12,0.01,80,0.7628945844846163,0.21237864033722062,0.21128428262495866,0.6471006718169963,0.7586204364434923,0.1574608408903545,0.549882384041708
12,0.02,160,0.7759235181971579,0.20757726294448026,0.20921929028643782,0.6857699934147544,0.7605061211425558,0.14835164835164835,0.5519473763802288
12,0.05,400,0.7829929539426246,0.20224086336549793,0.20797684849495937,0.7420503147574437,0.7528380895469894,0.13356164383561644,0.5531898181717073
12,0.1,800,0.8036704346589072,0.18148416151567912,0.179039325400874,0.8146639433872558,0.7603214075213891,0.10016420361247948,0.5821273412657927
12,0.2,1600,0.8307028592357779,0.15881630562653376,0.14391777319995763,0.9025284086217247,0.7752986374152137,0.053536021150033045,0.6172488934667091
13,0.0,0,0.7805434371432454,0.2185501242928,0.23198407686153005,0.6862404662298713,0.7649029496824026,0.1426543647977289,0.5315159231384698
13,0.01,80,0.7921158863270619,0.20755488653621576,0.2224076870154801,0.7550057669905516,0.7606157163647771,0.12215477996965099,0.5410923129845199
13,0.02,160,0.785961378916101,0.21080925403591877,0.2298193018260217,0.7582509062929482,0.7488111204295075,0.1317418213969938,0.5336806981739782
13,0.05,400,0.809977372297471,0.19381745690696733,0.21176264282497378,0.8474825381633228,0.7563072890993963,0.09558232931726908,0.5517373571750261
13,0.1,800,0.8248745969310688,0.18041824206273016,0.1923908763386471,0.8801294858345405,0.7649210595246068,0.0748587570621469,0.5711091236613529
13,0.2,1600,0.8539254041150144,0.15365742886214254,0.1601164623116217,1.0845674989827585,0.7624666816423817,0.03249630723781388,0.6033835376883784
14,0.0,0,0.7719592476754262,0.2114177214069435,0.2185269970196467,0.6594954580488807,0.7541531980187929,0.17835497835497835,0.5449730029803533
14,0.01,80,0.7714180534576203,0.21396567756692642,0.22196385917096673,0.693027339466782,0.7544382009853522,0.13191489361702127,0.5415361408290333
14,0.02,160,0.7814709898823757,0.20261797589920583,0.20035667501467488,0.6806035113584148,0.7668376099651211,0.12552891396332863,0.5631433249853252
14,0.05,400,0.7948026279455894,0.19413814756156497,0.19383755575980458,0.7448677212430114,0.7669038854592072,0.10260014054813774,0.5696624442401953
14,0.1,800,0.8173881794752631,0.1736532428359751,0.175195690854322,0.8845668290208998,0.7573979053843356,0.06554756195043965,0.5883043091456781
14,0.2,1600,0.8398317405947506,0.15712489799405338,0.1514898008167039,0.9730645172940693,0.768166643758747,0.04452296819787986,0.612010199183296
15,0.0,0,0.7732424443053141,0.21329402939913567,0.22408734222944948,0.6850453336552672,0.7546527734226516,0.15784982935153583,0.5422459911038838
15,0.01,80,0.7685637835466514,0.21795790025925021,0.2335388238548691,0.6859442766886842,0.7483631318858163,0.177007299270073,0.5327945094784642
15,0.02,160,0.7868742472538143,0.2044823976236699,0.2147600510488333,0.7133928000883449,0.7589656209901905,0.14184952978056425,0.5515732822845
15,0.05,400,0.7833770993901088,0.2013116239799725,0.21068123545288311,0.7419494861995731,0.7499184396229263,0.13857016769638128,0.5556520978804502
15,0.1,800,0.8070245762128172,0.18454132724196382,0.19078362444964123,0.8270171195513515,0.7584066789750282,0.08973322554567502,0.5755497088836921
15,0.2,1600,0.8299227971722494,0.1612841995681506,0.15605087731200884,0.9308571687318037,0.7665027092261371,0.05747126436781609,0.6102824560213246
16,0.0,0,0.7788826279136711,0.2177061810065883,0.23365458760611893,0.7070851715396617,0.7535477808130608,0.16063548102383055,0.5260120790605477
16,0.01,80,0.7816874386471424,0.2095543394603296,0.21726801641741786,0.7198293875289553,0.7593668361361544,0.14881439084219134,0.5423986502492488
16,0.02,160,0.7804013488652042,0.21080509858097,0.22036511762003444,0.7140562543195269,0.7579355422855744,0.1549053356282272,0.5393015490466322
16,0.05,400,0.7845625408131531,0.2022210509052942,0.20488157105037366,0.7190239352039823,0.7596451282034422,0.13050570962479607,0.5547850956162931
16,0.1,800,0.8140441673629879,0.1823692204335909,0.18568844895953557,0.8598547984745216,0.761903415014268,0.06907378335949764,0.5739782177071311
16,0.2,1600,0.8338791315995591,0.16009999571226338,0.14834682576687036,0.9281863667254179,0.7732162618915003,0.04376657824933687,0.6113198408997963
17,0.0,0,0.7553878138980973,0.22134468306279337,0.2271139090617157,0.623478438017607,0.7561125473046871,0.1711635750421585,0.540052757604951
17,0.01,80,0.7575425817807969,0.21663835011980118,0.21835430485478982,0.6202588080195863,0.7601979896791315,0.17476489028213166,0.5488123618118769
17,0.02,160,0.7633402074617235,0.21042274171164566,0.20686359774897428,0.6206434594228756,0.763886973749135,0.1457577955039884,0.5603030689176924
17,0.05,400,0.7880453925741063,0.1938579760102025,0.19780361935993404,0.7743918408631717,0.754106846201008,0.11130284728213978,0.5693630473067327
17,0.1,800,0.8025476211322142,0.17987893596149304,0.1756939427761081,0.7969653341236034,0.7626338558278982,0.07606973058637084,0.5914727238905586
17,0.2,1600,0.8289761073626782,0.15693944377664487,0.14062629196364668,0.8985830198482434,0.7748705077854208,0.0523961661341853,0.62654037470302
18,0.0,0,0.7793804098240285,0.21528097018672337,0.2290038582795437,0.6994862466177394,0.7565694914335742,0.16044479745830023,0.5339961417204563
18,0.01,80,0.7750563908965953,0.21465494322141845,0.22356282728823926,0.6671409761490948,0.7595721214060347,0.17061973986228002,0.5394371727117607
18,0.02,160,0.7777088060736883,0.2080245110971484,0.2127002977673923,0.6763844295842955,0.7602399449259313,0.15993665874901028,0.5502997022326077
18,0.05,400,0.7986087685309611,0.19272582313698058,0.19909450715349403,0.7916098530412162,0.7569670048139114,0.09836065573770492,0.563905492846506
18,0.1,800,0.8122647051052578,0.1812384053302686,0.18379480579824095,0.829525989780332,0.7617334361698556,0.0955223880597015,0.5792051942017591
18,0.2,1600,0.8359458094390158,0.15623496559849032,0.14179860203450825,0.9377037385072117,0.773403172203997,0.045836023240800515,0.6212013979654918
19,0.0,0,0.7782852192904592,0.21497178338569092,0.2363880475595126,0.7121160682728827,0.7472732897775001,0.1723826714801444,0.5321119524404875
19,0.01,80,0.7839420211379837,0.2119915204476393,0.23344389484554157,0.7366153472351175,0.7495513456430068,0.15132178669097537,0.5350561051544583
19,0.02,160,0.7806391233659018,0.20758457147470283,0.2221129363018975,0.7185943496883175,0.7521564526972112,0.14856646394439618,0.5463870636981025
19,0.05,400,0.7896047561478101,0.20065790865167896,0.2122846784269837,0.7298837044244315,0.7584941105628346,0.14056224899598393,0.5562153215730163
19,0.1,800,0.8098507356887051,0.18540544398987124,0.19410173114314955,0.8352832843256915,0.7610515607603651,0.08489096573208722,0.5743982688568505
19,0.2,1600,0.8393265298698029,0.15918025011905554,0.1579311197274353,0.9413058758405574,0.7722623614514951,0.05502717391304348,0.6105688802725647
