model,regime,training_n,auroc_mean,auroc_std,brier_mean,brier_std,ece_mean,ece_std,calibration_slope_mean,calibration_slope_std,sharpness_mean,sharpness_std,high_confidence_error_mean,high_confidence_error_std,mean_prediction_mean,mean_prediction_std,seed_mean,seed_std
Gradient boosting,novel,250,0.7130755835758918,0.044201493694518854,0.27407370192244185,0.0286612791835884,0.2665079125817232,0.03530413286466481,0.3086206716591505,0.07147220556087502,0.8217344836429399,0.02116053080284603,0.30551329547662,0.06276296805728541,0.5172292963578154,0.03604384772181699,9.5,5.916079783099616
Gradient boosting,novel,500,0.7297578221205712,0.02710722470060292,0.25274365046554237,0.02114661883719485,0.24596851027094885,0.022376863281953197,0.3985419280033184,0.07110832720008968,0.7997109098386037,0.016923721302089027,0.2540741998545334,0.04667105766968974,0.5267769742685257,0.02317128547110225,9.5,5.916079783099616
Gradient boosting,novel,1000,0.7455966444915461,0.017339836082991333,0.23727398396023966,0.015780513070221817,0.23301217441713798,0.018240972347834283,0.48106535563681485,0.06510361262191819,0.7845175407101698,0.011604853773313462,0.2178525250986849,0.039118107431781415,0.5329280618567457,0.015481600737721403,9.5,5.916079783099616
Gradient boosting,novel,2000,0.7609855485782712,0.015316750776898713,0.22345863242102076,0.01388601539662578,0.22114482474485989,0.018951478476324096,0.5543816270122105,0.05820251094770363,0.776803501433343,0.008902737388848964,0.1870927820107022,0.03792312405990653,0.542288109995772,0.01699342887607797,9.5,5.916079783099616
Gradient boosting,novel,4000,0.7671969246436593,0.012357250608542123,0.2178827112388857,0.008473304922842243,0.22153140355702133,0.013526108212481255,0.6219086884799148,0.04364983732241387,0.7646934557337474,0.0070448845560759825,0.16956604681600843,0.02166612161165496,0.5412897736822392,0.011257332669098393,9.5,5.916079783099616
Gradient boosting,novel,8000,0.7720034904449086,0.011905276390241299,0.2149475772712488,0.006901360194726671,0.22276408030737826,0.010794776555059192,0.6729180710723307,0.04445513074058793,0.7577500924171602,0.004079628413799167,0.15409555521322277,0.016359855710450493,0.5398109196926217,0.007714760777447839,9.5,5.916079783099616
Gradient boosting,reference,250,0.7659318494961497,0.017495168742324357,0.2001069042566407,0.007829719314882647,0.12348147155272246,0.013162157846653177,0.4122473459386248,0.03720156082077812,0.8415702246997853,0.016998170176416902,0.16126954977508334,0.013038599755896592,0.33619248013234265,0.03190695565777047,9.5,5.916079783099616
Gradient boosting,reference,500,0.787347342254226,0.00621758185173928,0.18266054395636305,0.004605138970092948,0.08359456703570625,0.013232356706717447,0.5529661922923794,0.05173557117763118,0.8171341963340625,0.01447243007524349,0.12264990042106753,0.011989812579126203,0.34391174496591703,0.02180508160675664,9.5,5.916079783099616
Gradient boosting,reference,1000,0.8046856020386908,0.006874829796113361,0.170575038074319,0.003941588435514499,0.0544076438652101,0.009466330496106205,0.6776802720330142,0.04304640812962075,0.8024600678840088,0.010216010405700329,0.09560079289410958,0.010121919107628066,0.34414019186943084,0.014602314945929389,9.5,5.916079783099616
Gradient boosting,reference,2000,0.8171591605052886,0.006259683870562317,0.16318358176954378,0.0032972514526383528,0.035711899764012324,0.006469524437730481,0.7823384002395419,0.03314719592404931,0.7927409064841294,0.006430408577974726,0.07904326309760112,0.006978224917158188,0.34705892921005665,0.01041911228398568,9.5,5.916079783099616
Gradient boosting,reference,4000,0.8257904082883748,0.0059561891622196975,0.15838158713161402,0.0033608097322216372,0.020803860686211283,0.004901325064654888,0.8858302741775794,0.03313849199844661,0.7830500247667727,0.005512054935424097,0.06475522776550137,0.007219302575156268,0.34820336801192375,0.00799139923947179,9.5,5.916079783099616
Gradient boosting,reference,8000,0.8313648670278164,0.005717080017538815,0.1555767111482381,0.0031868447463246847,0.013747175268240944,0.0036087309215863217,0.9563378280585944,0.03391255981695464,0.7777371183327518,0.003436296240753966,0.056058384255096946,0.006473051641309687,0.34813607763988413,0.005910613038126489,9.5,5.916079783099616
Logistic regression,novel,250,0.7706948950605549,0.031707307861045655,0.2162713782801997,0.018119265843628354,0.22435037408905942,0.027998203680970894,0.6892755904570481,0.13145165246960916,0.7568201645612873,0.027364455077342083,0.1549637642423048,0.04054184284674733,0.5392118445785697,0.029623336071568713,9.5,5.916079783099616
Logistic regression,novel,500,0.7731630924564836,0.024042677719189203,0.2144818950766799,0.015290014456253477,0.22306279807915472,0.020226950097466022,0.6976409948940338,0.10689303390137564,0.7555729017992063,0.014381155520970471,0.14989920214694955,0.03744419465889956,0.5396363693853405,0.01980507430787652,9.5,5.916079783099616
Logistic regression,novel,1000,0.773449742097145,0.013988424146837413,0.2146694073422973,0.011165745879343497,0.2209571533952514,0.01686692203738632,0.6696395298920171,0.07257078463122314,0.7610976559166469,0.010035394577146901,0.15250588536130158,0.030834654627199476,0.5416178466047485,0.014224065649786045,9.5,5.916079783099616
Logistic regression,novel,2000,0.7780638131728155,0.011800455358790025,0.2100316292269992,0.009470310150403624,0.21380765858254208,0.015138893882937,0.6727359427458063,0.05916441144365053,0.7644664176702938,0.007702554983644795,0.14384014976015128,0.024804556208823214,0.5487673414174579,0.01263977019255522,9.5,5.916079783099616
Logistic regression,novel,4000,0.7769888083425884,0.009886693791662285,0.21046694141486838,0.006939919198342072,0.2151904419010695,0.012522290740082303,0.6773127906225298,0.04273513356776615,0.7621947862370535,0.0065063837750693205,0.14279155588658346,0.018430920787688102,0.5473845580989305,0.010021579621487023,9.5,5.916079783099616
Logistic regression,novel,8000,0.7761056734386831,0.010878806613389587,0.21107794825481618,0.006493039972349523,0.2165044115978784,0.01102304325293805,0.6794288113930702,0.04380518594917387,0.7608674208312278,0.004306508847816924,0.14474223889224525,0.0160885259013932,0.5461243975833616,0.007992912115664243,9.5,5.916079783099616
Logistic regression,reference,250,0.8310913698684196,0.009157724377757978,0.15747158981787468,0.005704403502894531,0.03505937558402739,0.015995716922946653,0.983251499958285,0.18796934812596242,0.776424127727248,0.024563050522329655,0.05768567734683637,0.018197719235620167,0.34946610513948595,0.027847339567734337,9.5,5.916079783099616
Logistic regression,reference,500,0.835986803586167,0.006502519607870326,0.1542396753936998,0.0037805198386660836,0.024162358021488774,0.010254011032777349,1.0058407396192748,0.09737131403542766,0.7750828920468044,0.014001886370961635,0.053887572587720686,0.010387349963916343,0.3489402352648432,0.0215328717867717,9.5,5.916079783099616
Logistic regression,reference,1000,0.8387829159665602,0.005804228598332962,0.15249355166919548,0.0033244607859907187,0.018736611999669958,0.00614415477309442,0.9822928373836639,0.06502224605677044,0.7804348798555394,0.010403623281797046,0.05319527655723057,0.007833107946715191,0.34648596469565324,0.016007421229603427,9.5,5.916079783099616
Logistic regression,reference,2000,0.8396297745167539,0.005641698061028964,0.15190582383746157,0.0031540260948635887,0.015638407302122688,0.004764317734772817,0.9681379917686833,0.04203830520208079,0.7821145720681473,0.0063621542804151235,0.054099456776901866,0.006557543339454417,0.3484942067152658,0.010350048758372858,9.5,5.916079783099616
Logistic regression,reference,4000,0.8403292696273855,0.005641633284921858,0.15146566174521797,0.0031788685577083097,0.013321082421685265,0.002753936359106224,0.9852424849858726,0.03416248101220691,0.7800952987201647,0.005540252632613531,0.051924636774525045,0.0061568189645766075,0.3490421540494458,0.0077289234647046606,9.5,5.916079783099616
Logistic regression,reference,8000,0.8406167535665597,0.005453287016839331,0.15131882085359788,0.0031262695573627667,0.01252792972870113,0.002160507869617063,0.9946466059139988,0.033396252834877835,0.7790641753279325,0.0034209663461893234,0.050501733603494206,0.006202880027752437,0.34881220603885005,0.006050509955149292,9.5,5.916079783099616
Neural network,novel,250,0.6084694135407871,0.06814304401761383,0.26587897220231066,0.01580307786915352,0.29777225290664344,0.024352184228709373,0.9153100627413038,0.4790904153980431,0.5958213238716563,0.036015482203503306,0.29850088183421514,0.38929150474424873,0.46480900143411785,0.024328230810539024,9.5,5.916079783099616
Neural network,novel,500,0.6638447089808036,0.06704180681870334,0.26177140468895077,0.01841700327936177,0.3002906390944455,0.026306413917613552,1.0533607329405021,0.3412982685403873,0.6243629848357435,0.036523021343530956,0.13966411684794997,0.27915853135198865,0.4622989298415437,0.02575600540312994,9.5,5.916079783099616
Neural network,novel,1000,0.7184085355529455,0.039032589473219914,0.24191798705341783,0.017426321359314455,0.26927656752828144,0.029827079053036616,0.9421587215957945,0.2344529628090775,0.6813463494809211,0.053356419170719274,0.13369026965018146,0.11074188876527358,0.49331572763975995,0.02835946726016389,9.5,5.916079783099616
Neural network,novel,2000,0.7462183403867491,0.027697590489411627,0.2258700019880279,0.01758430371532239,0.23943411343038332,0.037631101430833244,0.8143638875810352,0.25065593029372263,0.7235582254155168,0.05073678009105587,0.11753885359684986,0.05781249248364855,0.5231439937733482,0.03367287131262774,9.5,5.916079783099616
Neural network,novel,4000,0.7604043530265547,0.019046461774187326,0.2180060414060721,0.012962456776289119,0.22255396052162918,0.023634837294954438,0.6819001290220098,0.06776449460958907,0.753889487230791,0.022604161389621857,0.14876887608153855,0.023598917037160667,0.5400210394783709,0.02007767286469224,9.5,5.916079783099616
Neural network,novel,8000,0.768173606988318,0.013939434931564946,0.2148417226962295,0.008387966408578683,0.2198843051817967,0.013821647891223109,0.6787864023244776,0.05699281211084237,0.7589095811841359,0.01610013137320467,0.1501556305409643,0.028963099293525096,0.5426906948182033,0.013032658178902113,9.5,5.916079783099616
Neural network,reference,250,0.686538323062654,0.08648526304458716,0.21131180127691024,0.022378145513807592,0.10472810943558879,0.025326801947027272,1.8656839814565462,0.6152252619592923,0.6035202193572899,0.045230427277369756,0.007440476190476191,0.01968564963589725,0.42643294883074023,0.037487135680673224,9.5,5.916079783099616
Neural network,reference,500,0.7632414003215882,0.0675422746257915,0.19065571710003942,0.019461689548404063,0.09712717215118533,0.024868871549640875,2.102459522897142,0.4502104723847244,0.6428645663284983,0.04525997252104241,0.015262702815153212,0.023748079505021932,0.39471283151117986,0.03196309975588046,9.5,5.916079783099616
Neural network,reference,1000,0.8119803479697989,0.03226860071976865,0.169391093335614,0.01461346612807929,0.06672944958474429,0.032750269226165654,1.6397198809893532,0.5067591088353561,0.7036438170958745,0.05493095400904657,0.030237203959942276,0.020856756014223796,0.3725494313352534,0.024689820502065127,9.5,5.916079783099616
Neural network,reference,2000,0.8269169007017373,0.011242512430985441,0.16042216428148434,0.00853929196805235,0.04202275045856739,0.03300931607743812,1.2884794640079997,0.4715214464401703,0.7440274373582177,0.04747992764004916,0.039356086514593255,0.02050234089688642,0.36380149420968755,0.014131237818791689,9.5,5.916079783099616
Neural network,reference,4000,0.8346402809188256,0.00629802088357487,0.15452360584092412,0.0032574548939569236,0.021164285121715625,0.011976331955301947,1.0264474501076952,0.14940727540326199,0.7730302504106452,0.018995606355197155,0.04945675407313964,0.010781947127673339,0.35592350891238705,0.007786960259298352,9.5,5.916079783099616
Neural network,reference,8000,0.8372880476639347,0.007378883516294855,0.1529970685984265,0.00398467210564034,0.015758731381795003,0.0068658522985738145,0.9972360868118926,0.08951146952574877,0.7783395724600796,0.014194448150097547,0.050290015277710064,0.010867563725961066,0.35145067292379595,0.009795721466790946,9.5,5.916079783099616
Random forest,novel,250,0.7458304810060378,0.038258556143453644,0.24408784734618427,0.01938427020929831,0.29164178923478346,0.026095772551842485,0.9859482441809725,0.14604652565425671,0.6731663679358695,0.01412975610506785,0.26032311409475456,0.06938918050472714,0.47101834043031127,0.02529673902834823,9.5,5.916079783099616
Random forest,novel,500,0.7556065459552824,0.0262225490178217,0.23535879956704142,0.016248581006136194,0.2790803901142076,0.021137211001335223,0.9676724667341684,0.1344410762242595,0.683546685260191,0.012430725538278575,0.2343185788909385,0.07842629471506422,0.48361119556097953,0.01938340713833937,9.5,5.916079783099616
Random forest,novel,1000,0.7655748525500512,0.01762587554691691,0.22756455895026054,0.012587636460621868,0.2669123875233469,0.01800637683779492,0.9196060155307804,0.08286657621967054,0.6969471005010612,0.008044809580159837,0.21539120772145134,0.04584339034018992,0.4957723854333982,0.015332111960268001,9.5,5.916079783099616
Random forest,novel,2000,0.7753468962318821,0.015198585708154019,0.21765617697328182,0.0117440208607188,0.25074957646078194,0.0179097540480576,0.8915992943177272,0.0755760150350708,0.7102479272621275,0.006901244166796505,0.18434081138294364,0.04197633087479904,0.5118254235392181,0.015085019664626612,9.5,5.916079783099616
Random forest,novel,4000,0.777076572121332,0.013051181850249676,0.2150804443075896,0.007964117870770188,0.24478858370786435,0.013406406923224496,0.8760011091973791,0.05394532951836357,0.7173399476661914,0.005988471101611222,0.15698189507042007,0.024134681433439182,0.5177864162921357,0.01064938429358286,9.5,5.916079783099616
Random forest,novel,8000,0.7768129044074717,0.010702481445603656,0.2138666538387887,0.005839851146152172,0.24036414607088602,0.010808093337404968,0.8474706968982044,0.044960336330308735,0.7231300985215711,0.0037796146172536615,0.15214676443799663,0.023537974767370077,0.522210853929114,0.007681840633811553,9.5,5.916079783099616
Random forest,reference,250,0.7887675720599554,0.008802223850061495,0.17549575763800862,0.004081308960887829,0.04024425432033926,0.011611110400059086,1.225445569171041,0.12134125620506926,0.7155450601983642,0.01891454738181033,0.055816439075933144,0.016184824505101468,0.3479640037643783,0.027071614575294063,9.5,5.916079783099616
Random forest,reference,500,0.8012836068744491,0.005895168336945996,0.17004170951313904,0.002879390695828058,0.035518452196295264,0.009616113979313596,1.2207359452533093,0.11419682334589837,0.723052543088438,0.014243459609568604,0.05207960739382404,0.013203425089772491,0.34961175885127926,0.019506436263886623,9.5,5.916079783099616
Random forest,reference,1000,0.8119049795583857,0.005816890199471782,0.16508305517882688,0.002857895364930803,0.02898329434436197,0.008462193307094567,1.1767569155835578,0.06282938432768297,0.7349228134400627,0.00853032711872831,0.05209808975490375,0.007966004429628797,0.34677279944013467,0.014281360505712472,9.5,5.916079783099616
Random forest,reference,2000,0.8175137278693179,0.005878074011416374,0.16213671224251247,0.002856667273632882,0.024250670127694197,0.00621326351736568,1.12805954785147,0.045818452057770506,0.7437226470576137,0.005639430418664786,0.052979913450271796,0.007783077609207232,0.3488921770217862,0.010334984352158046,9.5,5.916079783099616
Random forest,reference,4000,0.8218719065287857,0.0062627695032543215,0.16000223215650816,0.00314082298612529,0.021460667342154124,0.005750848132400954,1.1161831785895564,0.04321292823527123,0.7485718403284101,0.004809332905699702,0.05184959123553384,0.006681918197275523,0.349710598141571,0.007213902441253644,9.5,5.916079783099616
Random forest,reference,8000,0.8248705695039892,0.005875139965523855,0.15855935791695044,0.0030047139855320956,0.01849327948659872,0.004066614425650251,1.095447647039493,0.036904563639464,0.7532785961278994,0.0031581715522394065,0.050625649858178766,0.007182316287663527,0.3495677565080148,0.005971852638254119,9.5,5.916079783099616
